{
    "name": "root",
    "gauges": {
        "RoombaAgent.Policy.Entropy.mean": {
            "value": 1.3333890438079834,
            "min": 1.3329808712005615,
            "max": 1.3903321027755737,
            "count": 174
        },
        "RoombaAgent.Policy.Entropy.sum": {
            "value": 2717.44677734375,
            "min": 2615.570068359375,
            "max": 2843.94970703125,
            "count": 174
        },
        "RoombaAgent.Environment.EpisodeLength.mean": {
            "value": 106.26315789473684,
            "min": 62.903225806451616,
            "max": 208.5,
            "count": 174
        },
        "RoombaAgent.Environment.EpisodeLength.sum": {
            "value": 2019.0,
            "min": 1401.0,
            "max": 2572.0,
            "count": 174
        },
        "RoombaAgent.Step.mean": {
            "value": 547984.0,
            "min": 201987.0,
            "max": 547984.0,
            "count": 174
        },
        "RoombaAgent.Step.sum": {
            "value": 547984.0,
            "min": 201987.0,
            "max": 547984.0,
            "count": 174
        },
        "RoombaAgent.Policy.ExtrinsicValueEstimate.mean": {
            "value": -0.1551453173160553,
            "min": -0.22912780940532684,
            "max": -0.12245110422372818,
            "count": 174
        },
        "RoombaAgent.Policy.ExtrinsicValueEstimate.sum": {
            "value": -6.205812454223633,
            "min": -10.305676460266113,
            "max": -4.922737121582031,
            "count": 174
        },
        "RoombaAgent.Environment.CumulativeReward.mean": {
            "value": -0.20210532530357964,
            "min": -0.48450013594701885,
            "max": -0.11037507303990424,
            "count": 174
        },
        "RoombaAgent.Environment.CumulativeReward.sum": {
            "value": -3.840001180768013,
            "min": -9.362001268193126,
            "max": -1.7660011686384678,
            "count": 174
        },
        "RoombaAgent.Policy.ExtrinsicReward.mean": {
            "value": -0.20210532530357964,
            "min": -0.48450013594701885,
            "max": -0.11037507303990424,
            "count": 174
        },
        "RoombaAgent.Policy.ExtrinsicReward.sum": {
            "value": -3.840001180768013,
            "min": -9.362001268193126,
            "max": -1.7660011686384678,
            "count": 174
        },
        "RoombaAgent.IsTraining.mean": {
            "value": 1.0,
            "min": 1.0,
            "max": 1.0,
            "count": 174
        },
        "RoombaAgent.IsTraining.sum": {
            "value": 1.0,
            "min": 1.0,
            "max": 1.0,
            "count": 174
        },
        "RoombaAgent.Losses.PolicyLoss.mean": {
            "value": 0.10631179325234068,
            "min": 0.08064053746541806,
            "max": 0.12348243894666666,
            "count": 167
        },
        "RoombaAgent.Losses.PolicyLoss.sum": {
            "value": 0.10631179325234068,
            "min": 0.08064053746541806,
            "max": 0.12348243894666666,
            "count": 167
        },
        "RoombaAgent.Losses.ValueLoss.mean": {
            "value": 0.010201893130821796,
            "min": 0.005721746036821666,
            "max": 0.014834225808347886,
            "count": 167
        },
        "RoombaAgent.Losses.ValueLoss.sum": {
            "value": 0.010201893130821796,
            "min": 0.005721746036821666,
            "max": 0.014834225808347886,
            "count": 167
        },
        "RoombaAgent.Policy.LearningRate.mean": {
            "value": 9.726442773557501e-05,
            "min": 9.726442773557501e-05,
            "max": 9.898937601062503e-05,
            "count": 167
        },
        "RoombaAgent.Policy.LearningRate.sum": {
            "value": 9.726442773557501e-05,
            "min": 9.726442773557501e-05,
            "max": 9.898937601062503e-05,
            "count": 167
        },
        "RoombaAgent.Policy.Epsilon.mean": {
            "value": 0.09999999999999999,
            "min": 0.09999999999999999,
            "max": 0.09999999999999999,
            "count": 167
        },
        "RoombaAgent.Policy.Epsilon.sum": {
            "value": 0.09999999999999999,
            "min": 0.09999999999999999,
            "max": 0.09999999999999999,
            "count": 167
        },
        "RoombaAgent.Policy.Beta.mean": {
            "value": 0.00010000000000000003,
            "min": 0.0001,
            "max": 0.00010000000000000003,
            "count": 167
        },
        "RoombaAgent.Policy.Beta.sum": {
            "value": 0.00010000000000000003,
            "min": 0.0001,
            "max": 0.00010000000000000003,
            "count": 167
        }
    },
    "metadata": {
        "timer_format_version": "0.1.0",
        "start_time_seconds": "1718486449",
        "python_version": "3.9.18 (main, Sep 11 2023, 14:09:26) [MSC v.1916 64 bit (AMD64)]",
        "command_line_arguments": "C:\\Users\\timot\\anaconda3\\envs\\ML\\Scripts\\mlagents-learn RoombaAgent.yaml --run-id=RoombaAgentT1 --resume",
        "mlagents_version": "0.30.0",
        "mlagents_envs_version": "0.30.0",
        "communication_protocol_version": "1.5.0",
        "pytorch_version": "1.7.1+cu110",
        "numpy_version": "1.21.2",
        "end_time_seconds": "1718501038"
    },
    "total": 14589.5530203,
    "count": 1,
    "self": 0.02308430000084627,
    "children": {
        "run_training.setup": {
            "total": 0.13341199999999986,
            "count": 1,
            "self": 0.13341199999999986
        },
        "TrainerController.start_learning": {
            "total": 14589.396524,
            "count": 1,
            "self": 13.400727899879712,
            "children": {
                "TrainerController._reset_env": {
                    "total": 45.6233382,
                    "count": 1,
                    "self": 45.6233382
                },
                "TrainerController.advance": {
                    "total": 14529.935764900121,
                    "count": 351640,
                    "self": 12.313145499294478,
                    "children": {
                        "env_step": {
                            "total": 13943.93930150005,
                            "count": 351640,
                            "self": 11012.842819000325,
                            "children": {
                                "SubprocessEnvManager._take_step": {
                                    "total": 2922.9060680001394,
                                    "count": 351640,
                                    "self": 38.0194939002381,
                                    "children": {
                                        "TorchPolicy.evaluate": {
                                            "total": 2884.8865740999013,
                                            "count": 348876,
                                            "self": 2884.8865740999013
                                        }
                                    }
                                },
                                "workers": {
                                    "total": 8.19041449958626,
                                    "count": 351639,
                                    "self": 0.0,
                                    "children": {
                                        "worker_root": {
                                            "total": 14530.494667199522,
                                            "count": 351639,
                                            "is_parallel": true,
                                            "self": 4071.1873720996264,
                                            "children": {
                                                "steps_from_proto": {
                                                    "total": 0.0006770999999972105,
                                                    "count": 1,