{
    "name": "root",
    "gauges": {
        "RoombaAgent.Policy.Entropy.mean": {
            "value": 1.2634068727493286,
            "min": 1.256330132484436,
            "max": 1.3343558311462402,
            "count": 284
        },
        "RoombaAgent.Policy.Entropy.sum": {
            "value": 2581.14013671875,
            "min": 1580.929931640625,
            "max": 2730.82373046875,
            "count": 284
        },
        "RoombaAgent.Step.mean": {
            "value": 1115992.0,
            "min": 549976.0,
            "max": 1115992.0,
            "count": 284
        },
        "RoombaAgent.Step.sum": {
            "value": 1115992.0,
            "min": 549976.0,
            "max": 1115992.0,
            "count": 284
        },
        "RoombaAgent.Policy.ExtrinsicValueEstimate.mean": {
            "value": -0.07418310642242432,
            "min": -0.2103189080953598,
            "max": -0.031407274305820465,
            "count": 284
        },
        "RoombaAgent.Policy.ExtrinsicValueEstimate.sum": {
            "value": -3.189873456954956,
            "min": -8.202437400817871,
            "max": -1.3819200992584229,
            "count": 284
        },
        "RoombaAgent.Environment.EpisodeLength.mean": {
            "value": 115.41176470588235,
            "min": 72.23076923076923,
            "max": 201.8,
            "count": 284
        },
        "RoombaAgent.Environment.EpisodeLength.sum": {
            "value": 1962.0,
            "min": 987.0,
            "max": 2415.0,
            "count": 284
        },
        "RoombaAgent.Environment.CumulativeReward.mean": {
            "value": 0.003888822678062651,
            "min": -0.3945294945117305,
            "max": 0.12321420200169086,
            "count": 284
        },
        "RoombaAgent.Environment.CumulativeReward.sum": {
            "value": 0.06999880820512772,
            "min": -7.0310008861124516,
            "max": 1.724998828023672,
            "count": 284
        },
        "RoombaAgent.Policy.ExtrinsicReward.mean": {
            "value": 0.003888822678062651,
            "min": -0.3945294945117305,
            "max": 0.12321420200169086,
            "count": 284
        },
        "RoombaAgent.Policy.ExtrinsicReward.sum": {
            "value": 0.06999880820512772,
            "min": -7.0310008861124516,
            "max": 1.724998828023672,
            "count": 284
        },
        "RoombaAgent.IsTraining.mean": {
            "value": 1.0,
            "min": 1.0,
            "max": 1.0,
            "count": 284
        },
        "RoombaAgent.IsTraining.sum": {
            "value": 1.0,
            "min": 1.0,
            "max": 1.0,
            "count": 284
        },
        "RoombaAgent.Losses.PolicyLoss.mean": {
            "value": 0.10506569964248531,
            "min": 0.07721092073855591,
            "max": 0.11830874849692918,
            "count": 272
        },
        "RoombaAgent.Losses.PolicyLoss.sum": {
            "value": 0.10506569964248531,
            "min": 0.07721092073855591,
            "max": 0.11830874849692918,
            "count": 272
        },
        "RoombaAgent.Losses.ValueLoss.mean": {
            "value": 0.013037708937190473,
            "min": 0.006730812065749585,
            "max": 0.01839284981057669,
            "count": 272
        },
        "RoombaAgent.Losses.ValueLoss.sum": {
            "value": 0.013037708937190473,
            "min": 0.006730812065749585,
            "max": 0.01839284981057669,
            "count": 272
        },
        "RoombaAgent.Policy.LearningRate.mean": {
            "value": 9.443019056981499e-05,
            "min": 9.443019056981499e-05,
            "max": 9.724548275452e-05,
            "count": 272
        },
        "RoombaAgent.Policy.LearningRate.sum": {
            "value": 9.443019056981499e-05,
            "min": 9.443019056981499e-05,
            "max": 9.724548275452e-05,
            "count": 272
        },
        "RoombaAgent.Policy.Epsilon.mean": {
            "value": 0.09999999999999999,
            "min": 0.09999999999999999,
            "max": 0.09999999999999999,
            "count": 272
        },
        "RoombaAgent.Policy.Epsilon.sum": {
            "value": 0.09999999999999999,
            "min": 0.09999999999999999,
            "max": 0.09999999999999999,
            "count": 272
        },
        "RoombaAgent.Policy.Beta.mean": {
            "value": 0.00010000000000000003,
            "min": 0.0001,
            "max": 0.00010000000000000003,
            "count": 272
        },
        "RoombaAgent.Policy.Beta.sum": {
            "value": 0.00010000000000000003,
            "min": 0.0001,
            "max": 0.00010000000000000003,
            "count": 272
        }
    },
    "metadata": {
        "timer_format_version": "0.1.0",
        "start_time_seconds": "1718536705",
        "python_version": "3.9.18 (main, Sep 11 2023, 14:09:26) [MSC v.1916 64 bit (AMD64)]",
        "command_line_arguments": "C:\\Users\\timot\\anaconda3\\envs\\ML\\Scripts\\mlagents-learn RoombaAgent.yaml --run-id=RoombaAgentT1 --resume",
        "mlagents_version": "0.30.0",
        "mlagents_envs_version": "0.30.0",
        "communication_protocol_version": "1.5.0",
        "pytorch_version": "1.7.1+cu110",
        "numpy_version": "1.21.2",
        "end_time_seconds": "1718557293"
    },
    "total": 20587.6209851,
    "count": 1,
    "self": 0.037735599998995895,
    "children": {
        "run_training.setup": {
            "total": 0.18631250000000055,
            "count": 1,
            "self": 0.18631250000000055
        },
        "TrainerController.start_learning": {
            "total": 20587.396936999998,
            "count": 1,
            "self": 22.288678999269905,
            "children": {
                "TrainerController._reset_env": {
                    "total": 23.3715144,
                    "count": 1,
                    "self": 23.3715144
                },
                "TrainerController.advance": {
                    "total": 20541.731275500726,
                    "count": 572362,
                    "self": 20.061867801035987,
                    "children": {
                        "env_step": {
                            "total": 19622.465003799713,
                            "count": 572362,
                            "self": 14472.073144701419,
                            "children": {
                                "SubprocessEnvManager._take_step": {
                                    "total": 5136.380380399847,
                                    "count": 572362,
                                    "self": 68.15309699918089,
                                    "children": {
                                        "TorchPolicy.evaluate": {
                                            "total": 5068.227283400666,
                                            "count": 568357,
                                            "self": 5068.227283400666
                                        }
                                    }
                                },
                                "workers": {
                                    "total": 14.011478698445735,
                                    "count": 572361,
                                    "self": 0.0,
                                    "children": {
                                        "worker_root": {
                                            "total": 20512.938978199953,
                                            "count": 572361,
                                            "is_parallel": true,
                                            "self": 6989.965446299166,
                                            "children": {
                                                "steps_from_proto": {
                                                    "total": 0.0018862000000012813,
                                                    "count": 1,