{"count":1,"self":40384.076185599995,"total":52265.676794399995,"children":{"InitializeActuators":{"count":1,"self":0.0015115,"total":0.0015115,"children":null},"InitializeSensors":{"count":1,"self":0.0025766,"total":0.0025766,"children":null},"AgentSendState":{"count":13423989,"self":302.26611199999996,"total":908.22326349999992,"children":{"CollectObservations":{"count":1342399,"self":9.9137608,"total":9.9137605,"children":null},"WriteActionMask":{"count":1342399,"self":5.1360823999999994,"total":5.1360822,"children":null},"RequestDecision":{"count":1342399,"self":19.906619199999998,"total":590.9073202,"children":{"AgentInfo.ToProto":{"count":1342399,"self":23.802208,"total":571.00070169999992,"children":{"GenerateSensorData":{"count":1342399,"self":536.3034624,"total":547.1984944,"children":{"RayPerceptionSensor.Perceive":{"count":1342399,"self":10.895028799999999,"total":10.8950292,"children":null}}}}}}}}},"DecideAction":{"count":13423989,"self":10768.6232064,"total":10768.6235882,"children":null},"AgentAct":{"count":13423989,"self":201.215552,"total":201.2155537,"children":null},"AgentInfo.ToProto":{"count":7575,"self":0.21216949999999998,"total":3.5331846,"children":{"GenerateSensorData":{"count":7575,"self":3.2503515999999997,"total":3.3210151,"children":{"RayPerceptionSensor.Perceive":{"count":7575,"self":0.07066349999999999,"total":0.07066349999999999,"children":null}}}}}},"gauges":{"RoombaAgent.CumulativeReward":{"count":7575,"max":1.58693075,"min":-9.589291,"runningAverage":0.249340266,"value":-0.108998694,"weightedAverage":0.377251446}},"metadata":{"timer_format_version":"0.1.0","start_time_seconds":"1718488234","unity_version":"2023.1.16f1","command_line_arguments":"C:\\Program Files\\Unity\\Hub\\Editor\\2023.1.16f1\\Editor\\Unity.exe -projectpath C:\\Users\\eyupt\\OneDrive\\Bureaublad\\School\\JAAR2\\SEM2\\VR\\eindproject-DevinAI -useHub -hubIPC -cloudEnvironment production -licensingIpc LicenseClient-eyupt -hubSessionId c0545749-e690-452c-8d80-141e8a0cfbac -accessToken F-p67Ba-MtzRxKNGeSW58-lVWDqzfc8gonvSG5NsyT8008f","communication_protocol_version":"1.5.0","com.unity.ml-agents_version":"2.0.1","scene_name":"AlexScene","end_time_seconds":"1718540499"}}