{"count":1,"self":9250.676736,"total":14553.1076915,"children":{"InitializeActuators":{"count":1,"self":0.0015027999999999999,"total":0.0015027999999999999,"children":null},"InitializeSensors":{"count":1,"self":0.0025410999999999997,"total":0.0025410999999999997,"children":null},"AgentSendState":{"count":3488768,"self":60.2459584,"total":232.67797439999998,"children":{"CollectObservations":{"count":348877,"self":1.2610327,"total":1.2610327,"children":null},"WriteActionMask":{"count":348877,"self":0.4322271,"total":0.4322271,"children":null},"RequestDecision":{"count":348877,"self":2.6571902,"total":170.738759,"children":{"AgentInfo.ToProto":{"count":348877,"self":3.537876,"total":168.08156879999999,"children":{"GenerateSensorData":{"count":348877,"self":163.3502208,"total":164.543693,"children":{"RayPerceptionSensor.Perceive":{"count":348877,"self":1.193473,"total":1.193473,"children":null}}}}}}}}},"DecideAction":{"count":3488768,"self":5046.2498816,"total":5046.2499266999994,"children":null},"AgentAct":{"count":3488768,"self":21.6994896,"total":21.699489699999997,"children":null},"AgentInfo.ToProto":{"count":3474,"self":0.0431361,"total":1.7986126,"children":{"GenerateSensorData":{"count":3474,"self":1.7365131999999999,"total":1.7554764999999999,"children":{"RayPerceptionSensor.Perceive":{"count":3474,"self":0.0189634,"total":0.0189634,"children":null}}}}}},"gauges":{"RoombaAgent.CumulativeReward":{"count":3474,"max":0.5190141,"min":-1.88201141,"runningAverage":-0.267354578,"value":-0.137995467,"weightedAverage":-0.2677626}},"metadata":{"timer_format_version":"0.1.0","start_time_seconds":"1718486489","unity_version":"2023.1.16f1","command_line_arguments":"C:\\Program Files\\Unity\\Hub\\Editor\\2023.1.16f1\\Editor\\Unity.exe -projectpath C:\\Users\\timot\\Documents\\school\\jaar2\\3D\\projectVr\\eindproject-DevinAI -useHub -hubIPC -cloudEnvironment production -licensingIpc LicenseClient-timot -hubSessionId 1627ac97-4589-4edc-89eb-ecbd632d6425 -accessToken UEXhmE7ibBogjk3DIXzctLeUSrMThrJ6xgdWHDz1Cnc012f","communication_protocol_version":"1.5.0","com.unity.ml-agents_version":"2.0.1","scene_name":"AlexScene","end_time_seconds":"1718501042"}}