{"count":1,"self":11482.6149888,"total":20542.1430883,"children":{"InitializeActuators":{"count":1,"self":0.0015622,"total":0.0015622,"children":null},"InitializeSensors":{"count":1,"self":0.0037326,"total":0.0037326,"children":null},"AgentSendState":{"count":5683586,"self":100.4622144,"total":386.6161648,"children":{"CollectObservations":{"count":568359,"self":1.6101691999999999,"total":1.6101691999999999,"children":null},"WriteActionMask":{"count":568359,"self":0.8035152,"total":0.8035152,"children":null},"RequestDecision":{"count":568359,"self":4.612972,"total":283.74026399999997,"children":{"AgentInfo.ToProto":{"count":568359,"self":6.1219867999999993,"total":279.1272919,"children":{"GenerateSensorData":{"count":568359,"self":271.0286592,"total":273.0053051,"children":{"RayPerceptionSensor.Perceive":{"count":568359,"self":1.9766489999999999,"total":1.9766489999999999,"children":null}}}}}}}}},"DecideAction":{"count":5683586,"self":8633.7609727999989,"total":8633.7609799,"children":null},"AgentAct":{"count":5683586,"self":36.587078399999996,"total":36.587077199999996,"children":null},"AgentInfo.ToProto":{"count":4970,"self":0.047798099999999996,"total":2.5543717,"children":{"GenerateSensorData":{"count":4970,"self":2.478498,"total":2.5065736,"children":{"RayPerceptionSensor.Perceive":{"count":4970,"self":0.0280755,"total":0.0280755,"children":null}}}}}},"gauges":{"RoombaAgent.CumulativeReward":{"count":4970,"max":1.16092193,"min":-2.63498521,"runningAverage":-0.1472028,"value":0.0240053628,"weightedAverage":0.07645114}},"metadata":{"timer_format_version":"0.1.0","start_time_seconds":"1718536722","unity_version":"2023.1.16f1","command_line_arguments":"C:\\Program Files\\Unity\\Hub\\Editor\\2023.1.16f1\\Editor\\Unity.exe -projectpath C:\\Users\\timot\\Documents\\school\\jaar2\\3D\\projectVr\\eindproject-DevinAI -useHub -hubIPC -cloudEnvironment production -licensingIpc LicenseClient-timot -hubSessionId b6c9a6f0-78f1-462c-959a-9e6e7e566c96 -accessToken w1cIqnvbfS0K56MO70fvi2JLqILe-xfwkocp-7bxM98012f","communication_protocol_version":"1.5.0","com.unity.ml-agents_version":"2.0.1","scene_name":"AlexScene","end_time_seconds":"1718557264"}}