{"count":1,"self":732.643328,"total":950.7085851999999,"children":{"InitializeActuators":{"count":1,"self":0.0022613999999999998,"total":0.0022613999999999998,"children":null},"InitializeSensors":{"count":1,"self":0.0041709,"total":0.0041709,"children":null},"AgentSendState":{"count":225501,"self":5.6099464,"total":16.6764679,"children":{"CollectObservations":{"count":22551,"self":0.20303849999999998,"total":0.20303849999999998,"children":null},"WriteActionMask":{"count":22551,"self":0.09695079999999999,"total":0.09695079999999999,"children":null},"RequestDecision":{"count":22551,"self":0.3532644,"total":10.7665321,"children":{"AgentInfo.ToProto":{"count":22551,"self":0.4679623,"total":10.413267699999999,"children":{"GenerateSensorData":{"count":22551,"self":9.787372,"total":9.9453053999999987,"children":{"RayPerceptionSensor.Perceive":{"count":22551,"self":0.1579333,"total":0.1579333,"children":null}}}}}}}}},"DecideAction":{"count":225501,"self":197.41533439999998,"total":197.4153297,"children":null},"AgentAct":{"count":225501,"self":3.7425536,"total":3.7425538,"children":null},"AgentInfo.ToProto":{"count":452,"self":0.0156379,"total":0.2234359,"children":{"GenerateSensorData":{"count":452,"self":0.2015663,"total":0.20779799999999998,"children":{"RayPerceptionSensor.Perceive":{"count":452,"self":0.0062317,"total":0.0062317,"children":null}}}}}},"gauges":{"RoombaAgent.CumulativeReward":{"count":452,"max":-0.161996409,"min":-1.35698593,"runningAverage":-0.460451216,"value":-0.876998544,"weightedAverage":-0.5610007}},"metadata":{"timer_format_version":"0.1.0","start_time_seconds":"1718479104","unity_version":"2023.1.16f1","command_line_arguments":"C:\\Program Files\\Unity\\Hub\\Editor\\2023.1.16f1\\Editor\\Unity.exe -projectpath C:\\Users\\eyupt\\OneDrive\\Bureaublad\\School\\JAAR2\\SEM2\\VR\\eindproject-DevinAI -useHub -hubIPC -cloudEnvironment production -licensingIpc LicenseClient-eyupt -hubSessionId c0545749-e690-452c-8d80-141e8a0cfbac -accessToken F-p67Ba-MtzRxKNGeSW58-lVWDqzfc8gonvSG5NsyT8008f","communication_protocol_version":"1.5.0","com.unity.ml-agents_version":"2.0.1","scene_name":"EyupScene","end_time_seconds":"1718480055"}}