{
    "name": "root",
    "metadata": {
        "timer_format_version": "0.1.0",
        "start_time_seconds": "1718487419",
        "python_version": "3.9.18 (main, Sep 11 2023, 14:09:26) [MSC v.1916 64 bit (AMD64)]",
        "command_line_arguments": "C:\\Users\\alexg\\anaconda3\\envs\\ML\\Scripts\\mlagents-learn RoombaAgent.yaml --run-id=RoombaAgentA4",
        "mlagents_version": "0.30.0",
        "mlagents_envs_version": "0.30.0",
        "communication_protocol_version": "1.5.0",
        "pytorch_version": "1.7.1+cu110",
        "numpy_version": "1.21.2",
        "end_time_seconds": "1718487455"
    },
    "total": 36.488301,
    "count": 1,
    "self": 0.016836400000002527,
    "children": {
        "run_training.setup": {
            "total": 0.10312209999999977,
            "count": 1,
            "self": 0.10312209999999977
        },
        "TrainerController.start_learning": {
            "total": 36.3683425,
            "count": 1,
            "self": 0.022570399999970903,
            "children": {
                "TrainerController._reset_env": {
                    "total": 14.0773878,
                    "count": 1,
                    "self": 14.0773878
                },
                "TrainerController.advance": {
                    "total": 22.00700150000003,
                    "count": 562,
                    "self": 0.010740099999967612,
                    "children": {
                        "env_step": {
                            "total": 20.24695359999996,
                            "count": 562,
                            "self": 16.296870299999956,
                            "children": {
                                "SubprocessEnvManager._take_step": {
                                    "total": 3.943713500000051,
                                    "count": 562,
                                    "self": 0.03418260000008644,
                                    "children": {
                                        "TorchPolicy.evaluate": {
                                            "total": 3.9095308999999645,
                                            "count": 556,
                                            "self": 3.9095308999999645
                                        }
                                    }
                                },
                                "workers": {
                                    "total": 0.006369799999951908,
                                    "count": 561,
                                    "self": 0.0,
                                    "children": {
                                        "worker_root": {
                                            "total": 24.806826499999996,
                                            "count": 561,
                                            "is_parallel": true,
                                            "self": 9.041893700000003,
                                            "children": {
                                                "steps_from_proto": {
                                                    "total": 0.0033367999999995845,
                                                    "count": 1,
                                                    "is_parallel": true,
                                                    "self": 0.0007967999999998199,
                                                    "children": {
                                                        "_process_rank_one_or_two_observation": {
                                                            "total": 0.0025399999999997647,
                                                            "count": 4,
                                                            "is_parallel": true,
                                                            "self": 0.0025399999999997647
                                                        }
                                                    }
                                                },
                                                "UnityEnvironment.step": {
                                                    "total": 15.761595999999994,
                                                    "count": 561,
                                                    "is_parallel": true,
                                                    "self": 0.044747099999995044,
                                                    "children": {
                                                        "UnityEnvironment._generate_step_input": {
                                                            "total": 0.03995459999998374,
                                                            "count": 561,
                                                            "is_parallel": true,
                                                            "self": 0.03995459999998374
                                                        },
                                                        "communicator.exchange": {
                                                            "total": 15.534669900000047,
                                                            "count": 561,
                                                            "is_parallel": true,
                                                            "self": 15.534669900000047
                                                        },
                                                        "steps_from_proto": {
                                                            "total": 0.14222439999996794,
                                                            "count": 561,
                                                            "is_parallel": true,
                                                            "self": 0.06890049999999803,
                                                            "children": {
                                                                "_process_rank_one_or_two_observation": {
                                                                    "total": 0.07332389999996991,
                                                                    "count": 2244,
                                                                    "is_parallel": true,
                                                                    "self": 0.07332389999996991
                                                                }
                                                            }
                                                        }
                                                    }
                                                }
                                            }
                                        }
                                    }
                                }
                            }
                        },
                        "trainer_advance": {
                            "total": 1.7493078000001034,
                            "count": 561,
                            "self": 0.012371899999997993,
                            "children": {
                                "process_trajectory": {
                                    "total": 0.08217980000010172,
                                    "count": 561,
                                    "self": 0.08217980000010172
                                },
                                "_update_policy": {
                                    "total": 1.6547561000000037,
                                    "count": 4,
                                    "self": 0.07736850000000572,
                                    "children": {
                                        "TorchPPOOptimizer.update": {
                                            "total": 1.577387599999998,
                                            "count": 159,